timestamp,node_id,traffic_flow_pct,capacity_vehicles_hr,current_vehicles_hr,load_ratio,avg_speed_kmh,speed_deviation,incident_count,road_surface_score,visibility_km,rainfall_mm,flood_depth_cm,debris_coverage_pct,crew_access_blocked,detour_available,population_served,health_status,failure_label
2026-09-30T00:00:00,TRN_ROAD_R1,65.63,2000,1313.0,0.6563,47.62,0.1342,1,88.31,7.35,3.32,0,0,0,0,150000,HEALTHY,0
2026-09-30T00:05:00,TRN_ROAD_R1,68.37,2000,1367.0,0.6837,46.12,0.1615,0,82.67,8.45,8.63,0,0,0,1,150000,HEALTHY,0
2026-09-30T00:10:00,TRN_ROAD_R1,66.71,2000,1334.0,0.6671,53.16,0.0334,0,87.58,7.5,6.21,0,0,0,1,150000,HEALTHY,0
2026-09-30T00:15:00,TRN_ROAD_R1,62.05,2000,1241.0,0.6205,51.9,0.0564,0,85.49,7.59,5.14,0,0,0,1,150000,HEALTHY,0
2026-09-30T00:20:00,TRN_ROAD_R1,69.43,2000,1389.0,0.6943,47.43,0.1377,1,81.41,8.08,10.65,0,0,0,1,150000,HEALTHY,0
2026-09-30T00:25:00,TRN_ROAD_R1,61.23,2000,1225.0,0.6123,48.22,0.1233,1,80.42,7.51,9.64,0,0,0,0,150000,HEALTHY,0
2026-09-30T00:30:00,TRN_ROAD_R1,63.83,2000,1277.0,0.6383,53.71,0.0234,0,83.68,7.04,5.01,0,0,0,1,150000,HEALTHY,0
2026-09-30T00:35:00,TRN_ROAD_R1,65.48,2000,1310.0,0.6548,47.97,0.1279,1,78.5,7.32,10.4,0,0,0,0,150000,HEALTHY,0
2026-09-30T00:40:00,TRN_ROAD_R1,61.37,2000,1227.0,0.6137,52.54,0.0446,0,81.58,6.69,10.45,0,0,0,1,150000,HEALTHY,0
2026-09-30T00:45:00,TRN_ROAD_R1,61.45,2000,1229.0,0.6145,49.18,0.1058,0,82.24,7.72,6.15,0,0,0,0,150000,HEALTHY,0
2026-09-30T00:50:00,TRN_ROAD_R1,67.89,2000,1358.0,0.6789,46.7,0.1508,0,76.9,6.94,9.24,0,0,0,1,150000,HEALTHY,0
2026-09-30T00:55:00,TRN_ROAD_R1,66.74,2000,1335.0,0.6674,54.03,0.0177,0,83.59,6.73,11.8,0,0,0,1,150000,HEALTHY,0
2026-09-30T01:00:00,TRN_ROAD_R1,69.92,2000,1398.0,0.6992,51.46,0.0644,1,82.94,6.96,7.15,0,0,0,1,150000,HEALTHY,0
2026-09-30T01:05:00,TRN_ROAD_R1,60.54,2000,1211.0,0.6054,49.16,0.1062,0,74.72,7.26,12.32,0,0,0,1,150000,HEALTHY,0
2026-09-30T01:10:00,TRN_ROAD_R1,62.89,2000,1258.0,0.6289,54.15,0.0155,1,76.66,8.07,7.27,0,0,0,1,150000,HEALTHY,0
2026-09-30T01:15:00,TRN_ROAD_R1,66.88,2000,1338.0,0.6688,54.59,0.0074,0,78.37,6.54,11.11,0,0,0,1,150000,HEALTHY,0
2026-09-30T01:20:00,TRN_ROAD_R1,65.01,2000,1300.0,0.6501,49.82,0.0942,0,81.02,6.25,13.2,0,0,0,0,150000,HEALTHY,0
2026-09-30T01:25:00,TRN_ROAD_R1,67.73,2000,1355.0,0.6773,50.26,0.0862,0,78.54,6.77,7.95,0,0,0,1,150000,HEALTHY,0
2026-09-30T01:30:00,TRN_ROAD_R1,66.82,2000,1336.0,0.6682,54.32,0.0123,0,74.54,7.36,10.93,0,0,0,1,150000,HEALTHY,0
2026-09-30T01:35:00,TRN_ROAD_R1,66.28,2000,1326.0,0.6628,53.6,0.0254,1,76.92,6.01,11.56,0,0,0,1,150000,HEALTHY,0
2026-09-30T01:40:00,TRN_ROAD_R1,69.08,2000,1382.0,0.6908,47.03,0.145,0,80.3,7.32,13.86,0,0,0,1,150000,HEALTHY,0
2026-09-30T01:45:00,TRN_ROAD_R1,62.76,2000,1255.0,0.6276,54.02,0.0178,1,71.97,6.87,13.79,0,0,0,0,150000,HEALTHY,0
2026-09-30T01:50:00,TRN_ROAD_R1,68.8,2000,1376.0,0.688,50.14,0.0884,1,75.16,7.53,12.57,0,0,0,1,150000,HEALTHY,0
2026-09-30T01:55:00,TRN_ROAD_R1,64.36,2000,1287.0,0.6436,49.6,0.0982,1,78.28,6.04,14.86,0,0,0,0,150000,HEALTHY,0
2026-09-30T02:00:00,TRN_ROAD_R1,69.06,2000,1381.0,0.6906,54.92,0.0015,0,78.38,6.29,11.49,0,0,0,1,150000,HEALTHY,0
2026-09-30T02:05:00,TRN_ROAD_R1,62.54,2000,1251.0,0.6254,53.49,0.0274,1,78.7,5.78,10.64,0,0,0,0,150000,HEALTHY,0
2026-09-30T02:10:00,TRN_ROAD_R1,62.32,2000,1246.0,0.6232,46.5,0.1545,1,78.69,5.74,9.93,0,0,0,1,150000,HEALTHY,0
2026-09-30T02:15:00,TRN_ROAD_R1,63.25,2000,1265.0,0.6325,52.66,0.0426,0,76.43,7.02,12.9,0,0,0,0,150000,HEALTHY,0
2026-09-30T02:20:00,TRN_ROAD_R1,60.76,2000,1215.0,0.6076,45.44,0.1739,0,75.34,7.01,14.2,0,0,0,0,150000,HEALTHY,0
2026-09-30T02:25:00,TRN_ROAD_R1,65.55,2000,1311.0,0.6555,53.47,0.0278,0,74.3,7.08,16.71,0,0,0,1,150000,HEALTHY,0
2026-09-30T02:30:00,TRN_ROAD_R1,68.36,2000,1367.0,0.6836,53.75,0.0227,0,68.18,6.93,13.27,0,0,0,1,150000,HEALTHY,0
2026-09-30T02:35:00,TRN_ROAD_R1,68.85,2000,1377.0,0.6885,48.84,0.1121,1,71.5,5.32,15.75,0,0,0,1,150000,HEALTHY,0
2026-09-30T02:40:00,TRN_ROAD_R1,63.18,2000,1264.0,0.6318,48.26,0.1226,1,76.15,5.51,12.21,0,0,0,1,150000,HEALTHY,0
2026-09-30T02:45:00,TRN_ROAD_R1,62.79,2000,1256.0,0.6279,45.52,0.1724,1,68.83,5.76,13.23,0,0,0,1,150000,HEALTHY,0
2026-09-30T02:50:00,TRN_ROAD_R1,69.22,2000,1384.0,0.6922,54.97,0.0005,0,71.03,6.85,15.05,0,0,0,1,150000,HEALTHY,0
2026-09-30T02:55:00,TRN_ROAD_R1,62.04,2000,1241.0,0.6204,52.66,0.0426,0,72.92,5.7,12.88,0,0,0,1,150000,HEALTHY,0
2026-09-30T03:00:00,TRN_ROAD_R1,66.57,2000,1331.0,0.6657,52.07,0.0533,1,73.79,5.82,39.38,0,1.25,0,1,150000,STRESSED,0
2026-09-30T03:05:00,TRN_ROAD_R1,61.85,2000,1237.0,0.6185,45.88,0.1658,1,67.51,4.98,42.81,0.81,4.01,0,1,150000,STRESSED,0
2026-09-30T03:10:00,TRN_ROAD_R1,58.67,2000,1173.0,0.5867,44.38,0.1931,1,73.8,5.36,35.69,4.47,0.42,0,1,150000,STRESSED,0
2026-09-30T03:15:00,TRN_ROAD_R1,64.02,2000,1280.0,0.6402,48.52,0.1179,1,64.31,5.37,40.7,3.41,1.21,0,1,150000,STRESSED,0
2026-09-30T03:20:00,TRN_ROAD_R1,60.82,2000,1216.0,0.6082,41.67,0.2424,0,71.24,5.03,37.45,5.49,3.73,0,1,150000,STRESSED,0
2026-09-30T03:25:00,TRN_ROAD_R1,62.86,2000,1257.0,0.6286,42.23,0.2321,1,65.57,4.76,37.82,5.73,4.25,0,1,150000,STRESSED,0
2026-09-30T03:30:00,TRN_ROAD_R1,56.82,2000,1136.0,0.5682,45.45,0.1737,0,63.83,5.57,43.8,12.27,4.33,0,0,150000,STRESSED,0
2026-09-30T03:35:00,TRN_ROAD_R1,56.63,2000,1133.0,0.5663,39.65,0.279,1,67.62,5.29,44.74,13.63,5.56,0,1,150000,STRESSED,0
2026-09-30T03:40:00,TRN_ROAD_R1,57.45,2000,1149.0,0.5745,43.18,0.2149,0,71.38,5.56,44.8,9.8,2.66,0,1,150000,STRESSED,0
2026-09-30T03:45:00,TRN_ROAD_R1,55.12,2000,1102.0,0.5512,37.73,0.314,1,68.93,5.95,45.98,9.37,7.1,0,1,150000,STRESSED,0
2026-09-30T03:50:00,TRN_ROAD_R1,55.89,2000,1118.0,0.5589,38.59,0.2984,1,60.86,5.28,42.61,11.21,7.74,0,1,150000,STRESSED,0
2026-09-30T03:55:00,TRN_ROAD_R1,50.92,2000,1018.0,0.5092,41.6,0.2437,0,63.22,5.68,43.83,14.21,8.21,0,1,150000,STRESSED,0
2026-09-30T04:00:00,TRN_ROAD_R1,52.2,2000,1044.0,0.522,39.06,0.2898,0,60.54,4.79,47.78,19.74,7.79,0,1,150000,STRESSED,0
2026-09-30T04:05:00,TRN_ROAD_R1,47.29,2000,946.0,0.4729,38.37,0.3024,0,68.57,6.09,46.02,18.19,4.21,0,1,150000,STRESSED,0
2026-09-30T04:10:00,TRN_ROAD_R1,48.3,2000,966.0,0.483,31.63,0.4249,0,59.42,4.24,48.08,17.84,10.13,0,1,150000,STRESSED,0
2026-09-30T04:15:00,TRN_ROAD_R1,48.77,2000,975.0,0.4877,32.08,0.4168,1,64.84,5.21,43.33,20.05,7.36,0,1,150000,STRESSED,0
2026-09-30T04:20:00,TRN_ROAD_R1,45.79,2000,916.0,0.4579,37.23,0.3232,0,64.16,4.05,49.86,21.49,5.24,0,1,150000,STRESSED,0
2026-09-30T04:25:00,TRN_ROAD_R1,45.14,2000,903.0,0.4514,30.02,0.4542,0,64.96,5.63,51.67,25.3,10.36,0,0,150000,STRESSED,0
2026-09-30T04:30:00,TRN_ROAD_R1,44.05,2000,881.0,0.4405,30.0,0.4546,1,58.49,5.39,47.61,25.93,10.21,1,0,150000,AT_RISK,0
2026-09-30T04:35:00,TRN_ROAD_R1,39.87,2000,797.0,0.3987,27.12,0.5069,1,62.48,4.8,48.91,23.98,9.89,1,1,150000,AT_RISK,0
2026-09-30T04:40:00,TRN_ROAD_R1,45.29,2000,906.0,0.4529,29.83,0.4575,0,61.21,5.59,47.06,23.28,8.79,1,0,150000,AT_RISK,0
2026-09-30T04:45:00,TRN_ROAD_R1,42.73,2000,855.0,0.4273,30.47,0.4459,1,66.01,5.63,48.17,27.06,9.13,1,1,150000,AT_RISK,0
2026-09-30T04:50:00,TRN_ROAD_R1,39.89,2000,798.0,0.3989,24.21,0.5599,1,62.35,4.35,52.0,28.89,13.9,1,0,150000,AT_RISK,0
2026-09-30T04:55:00,TRN_ROAD_R1,35.27,2000,705.0,0.3527,25.34,0.5393,0,62.43,3.71,46.87,30.81,9.45,1,1,150000,AT_RISK,0
2026-09-30T05:00:00,TRN_ROAD_R1,34.22,2000,684.0,0.3422,28.33,0.4849,0,59.75,3.92,56.21,33.91,8.56,1,1,150000,AT_RISK,0
2026-09-30T05:05:00,TRN_ROAD_R1,32.38,2000,648.0,0.3238,25.86,0.5298,1,55.22,4.7,55.47,34.69,13.54,1,1,150000,AT_RISK,0
2026-09-30T05:10:00,TRN_ROAD_R1,35.91,2000,718.0,0.3591,23.1,0.58,0,58.22,5.31,56.65,34.59,12.91,1,0,150000,AT_RISK,0
2026-09-30T05:15:00,TRN_ROAD_R1,36.82,2000,736.0,0.3682,20.09,0.6348,1,61.63,3.54,54.86,33.82,13.26,1,1,150000,AT_RISK,0
2026-09-30T05:20:00,TRN_ROAD_R1,29.04,2000,581.0,0.2904,24.22,0.5596,0,55.06,3.34,50.37,37.53,13.14,1,1,150000,AT_RISK,0
2026-09-30T05:25:00,TRN_ROAD_R1,28.43,2000,569.0,0.2843,21.82,0.6033,0,61.87,3.55,54.18,34.29,11.06,1,1,150000,AT_RISK,0
2026-09-30T05:30:00,TRN_ROAD_R1,27.64,2000,553.0,0.2764,17.33,0.6849,0,57.7,4.19,57.53,37.44,13.03,1,1,150000,AT_RISK,0
2026-09-30T05:35:00,TRN_ROAD_R1,29.11,2000,582.0,0.2911,16.7,0.6964,0,60.31,4.49,59.24,39.79,12.56,1,0,150000,AT_RISK,0
2026-09-30T05:40:00,TRN_ROAD_R1,25.42,2000,508.0,0.2542,20.21,0.6326,0,58.27,4.6,51.81,38.63,14.62,1,1,150000,AT_RISK,0
2026-09-30T05:45:00,TRN_ROAD_R1,29.45,2000,589.0,0.2945,16.35,0.7026,0,56.11,3.3,61.21,45.77,11.89,1,1,150000,AT_RISK,0
2026-09-30T05:50:00,TRN_ROAD_R1,27.77,2000,555.0,0.2777,16.1,0.7073,1,56.91,4.46,53.69,44.65,15.22,1,1,150000,AT_RISK,0
2026-09-30T05:55:00,TRN_ROAD_R1,21.82,2000,436.0,0.2182,12.42,0.7741,0,55.64,4.2,54.24,45.1,16.58,1,1,150000,AT_RISK,0
2026-09-30T06:00:00,TRN_ROAD_R1,13.83,2000,277.0,0.1383,14.66,0.7335,0,55.56,4.23,57.03,52.8,25.96,1,1,150000,FAILED,1
2026-09-30T06:05:00,TRN_ROAD_R1,9.86,2000,197.0,0.0986,11.13,0.7977,0,54.92,3.13,52.75,50.25,29.29,1,1,150000,FAILED,1
2026-09-30T06:10:00,TRN_ROAD_R1,18.27,2000,365.0,0.1827,7.52,0.8633,0,49.52,2.7,55.11,43.54,34.06,1,1,150000,FAILED,1
2026-09-30T06:15:00,TRN_ROAD_R1,10.75,2000,215.0,0.1075,8.33,0.8486,0,50.7,2.63,57.88,42.8,30.19,1,1,150000,FAILED,1
2026-09-30T06:20:00,TRN_ROAD_R1,17.76,2000,355.0,0.1776,12.61,0.7708,1,49.1,3.37,53.06,49.4,27.59,1,1,150000,FAILED,1
2026-09-30T06:25:00,TRN_ROAD_R1,17.58,2000,352.0,0.1758,6.01,0.8907,1,50.25,3.02,55.45,51.23,28.73,1,0,150000,FAILED,1
2026-09-30T06:30:00,TRN_ROAD_R1,11.09,2000,222.0,0.1109,7.02,0.8724,0,56.92,3.41,51.43,49.92,36.25,1,0,150000,FAILED,1
2026-09-30T06:35:00,TRN_ROAD_R1,15.85,2000,317.0,0.1585,6.29,0.8856,0,51.15,3.93,53.36,51.61,33.79,1,1,150000,FAILED,1
2026-09-30T06:40:00,TRN_ROAD_R1,12.69,2000,254.0,0.1269,9.62,0.8252,0,50.2,4.15,57.9,49.42,27.22,1,1,150000,FAILED,1
2026-09-30T06:45:00,TRN_ROAD_R1,15.87,2000,317.0,0.1587,12.33,0.7758,0,51.42,2.58,57.6,47.16,37.21,1,0,150000,FAILED,1
2026-09-30T06:50:00,TRN_ROAD_R1,15.97,2000,319.0,0.1597,9.38,0.8295,0,47.73,2.22,55.66,51.03,26.55,1,0,150000,FAILED,1
2026-09-30T06:55:00,TRN_ROAD_R1,12.42,2000,248.0,0.1242,8.26,0.8498,0,48.6,2.83,51.54,46.39,38.73,1,1,150000,FAILED,1
2026-09-30T07:00:00,TRN_ROAD_R1,10.13,2000,203.0,0.1013,10.32,0.8125,1,50.53,4.01,50.7,54.8,34.19,1,1,150000,FAILED,1
2026-09-30T07:05:00,TRN_ROAD_R1,11.45,2000,229.0,0.1145,13.72,0.7505,0,49.69,3.7,49.34,48.93,27.86,1,1,150000,FAILED,1
2026-09-30T07:10:00,TRN_ROAD_R1,8.81,2000,176.0,0.0881,8.73,0.8412,0,52.72,3.43,56.1,46.71,31.57,1,0,150000,FAILED,1
2026-09-30T07:15:00,TRN_ROAD_R1,12.19,2000,244.0,0.1219,6.89,0.8748,0,53.19,2.3,47.63,50.16,30.39,1,1,150000,FAILED,1
2026-09-30T07:20:00,TRN_ROAD_R1,11.6,2000,232.0,0.116,12.74,0.7684,0,45.55,2.89,50.28,46.07,37.76,1,1,150000,FAILED,1
2026-09-30T07:25:00,TRN_ROAD_R1,7.29,2000,146.0,0.0729,9.86,0.8208,0,51.15,2.41,53.69,49.35,34.36,1,0,150000,FAILED,1
2026-09-30T07:30:00,TRN_ROAD_R1,12.41,2000,248.0,0.1241,9.75,0.8227,0,52.27,2.16,54.48,52.79,31.02,1,0,150000,FAILED,1
2026-09-30T07:35:00,TRN_ROAD_R1,11.04,2000,221.0,0.1104,9.51,0.8272,0,51.16,3.13,45.79,45.7,25.16,1,1,150000,FAILED,1
2026-09-30T07:40:00,TRN_ROAD_R1,8.8,2000,176.0,0.088,11.96,0.7825,1,50.42,2.39,49.37,49.93,37.84,1,0,150000,FAILED,1
2026-09-30T07:45:00,TRN_ROAD_R1,12.61,2000,252.0,0.1261,13.19,0.7601,0,45.48,3.05,45.11,54.9,30.44,1,1,150000,FAILED,1
2026-09-30T07:50:00,TRN_ROAD_R1,9.22,2000,184.0,0.0922,10.66,0.8061,0,41.35,2.2,54.41,53.82,26.12,1,1,150000,FAILED,1
2026-09-30T07:55:00,TRN_ROAD_R1,15.96,2000,319.0,0.1596,9.63,0.8249,1,43.62,2.24,53.91,54.21,34.58,1,0,150000,FAILED,1
2026-09-30T08:00:00,TRN_ROAD_R1,14.08,2000,282.0,0.1408,8.13,0.8522,0,48.25,3.22,50.8,55.74,27.72,1,0,150000,FAILED,1
2026-09-30T08:05:00,TRN_ROAD_R1,6.72,2000,134.0,0.0672,14.35,0.7391,1,42.24,3.18,53.68,48.39,38.9,1,0,150000,FAILED,1
2026-09-30T08:10:00,TRN_ROAD_R1,11.33,2000,227.0,0.1133,11.69,0.7874,0,42.95,3.24,48.58,56.0,39.56,1,0,150000,FAILED,1
2026-09-30T08:15:00,TRN_ROAD_R1,10.24,2000,205.0,0.1024,11.32,0.7941,0,48.71,2.2,49.78,50.96,30.5,1,0,150000,FAILED,1
2026-09-30T08:20:00,TRN_ROAD_R1,10.71,2000,214.0,0.1071,5.62,0.8977,1,42.0,1.36,50.15,48.12,35.22,1,0,150000,FAILED,1
2026-09-30T08:25:00,TRN_ROAD_R1,8.78,2000,176.0,0.0878,10.22,0.8141,0,43.37,2.45,52.74,51.38,39.94,1,1,150000,FAILED,1
2026-09-30T08:30:00,TRN_ROAD_R1,9.89,2000,198.0,0.0989,10.11,0.8163,0,46.45,1.49,46.21,54.57,36.8,1,1,150000,FAILED,1
2026-09-30T08:35:00,TRN_ROAD_R1,8.42,2000,168.0,0.0842,6.76,0.877,0,42.68,1.72,45.08,50.17,26.25,1,0,150000,FAILED,1
2026-09-30T08:40:00,TRN_ROAD_R1,10.82,2000,216.0,0.1082,13.02,0.7633,1,40.78,2.43,47.8,50.55,33.99,1,1,150000,FAILED,1
2026-09-30T08:45:00,TRN_ROAD_R1,13.39,2000,268.0,0.1339,12.62,0.7706,0,45.46,1.68,43.03,49.74,31.33,1,0,150000,FAILED,1
2026-09-30T08:50:00,TRN_ROAD_R1,8.98,2000,180.0,0.0898,9.22,0.8324,0,44.75,1.77,49.11,52.26,33.45,1,1,150000,FAILED,1
2026-09-30T08:55:00,TRN_ROAD_R1,12.36,2000,247.0,0.1236,9.07,0.8351,0,35.46,2.7,46.81,55.84,28.24,1,0,150000,FAILED,1
2026-09-30T09:00:00,TRN_ROAD_R1,4.36,2000,87.0,0.0436,7.75,0.8591,1,41.73,2.54,44.6,51.37,33.94,1,1,150000,FAILED,1
2026-09-30T09:05:00,TRN_ROAD_R1,10.52,2000,210.0,0.1052,9.41,0.829,0,42.62,1.72,44.5,53.92,27.69,1,1,150000,FAILED,1
2026-09-30T09:10:00,TRN_ROAD_R1,13.14,2000,263.0,0.1314,10.1,0.8164,1,40.39,1.82,40.93,54.29,32.75,1,0,150000,FAILED,1
2026-09-30T09:15:00,TRN_ROAD_R1,4.31,2000,86.0,0.0431,11.24,0.7957,1,33.91,1.32,49.1,51.73,38.77,1,1,150000,FAILED,1
2026-09-30T09:20:00,TRN_ROAD_R1,7.96,2000,159.0,0.0796,7.18,0.8695,0,42.95,1.26,40.83,49.85,29.87,1,0,150000,FAILED,1
2026-09-30T09:25:00,TRN_ROAD_R1,5.05,2000,101.0,0.0505,10.87,0.8024,0,39.64,1.41,39.91,55.6,25.39,1,0,150000,FAILED,1
2026-09-30T09:30:00,TRN_ROAD_R1,10.03,2000,201.0,0.1003,14.0,0.7455,1,34.93,1.1,42.81,50.94,27.49,1,0,150000,FAILED,1
2026-09-30T09:35:00,TRN_ROAD_R1,8.82,2000,176.0,0.0882,5.87,0.8932,0,36.83,0.5,47.11,56.14,34.68,1,1,150000,FAILED,1
2026-09-30T09:40:00,TRN_ROAD_R1,5.67,2000,113.0,0.0567,5.18,0.9058,0,36.7,0.99,44.64,50.94,31.08,1,0,150000,FAILED,1
2026-09-30T09:45:00,TRN_ROAD_R1,8.35,2000,167.0,0.0835,14.38,0.7386,1,32.89,0.99,41.34,59.36,27.7,1,1,150000,FAILED,1
2026-09-30T09:50:00,TRN_ROAD_R1,5.86,2000,117.0,0.0586,9.3,0.8308,0,34.26,0.5,43.85,59.48,25.63,1,0,150000,FAILED,1
2026-09-30T09:55:00,TRN_ROAD_R1,7.22,2000,144.0,0.0722,6.43,0.8831,0,40.06,0.5,42.97,58.65,28.24,1,1,150000,FAILED,1
