timestamp,node_id,load_kw,capacity_kw,load_ratio,voltage,voltage_deviation,frequency_hz,temperature,temperature_trend,vibration,humidity,oil_level,transformer_age_years,backup_fuel_pct,population_served,health_status,failure_label
2026-09-30T00:00:00,PWR_SUB_A,67.09,100,0.6709,226.4,0.0156,49.91,53.49,0,0.124,51.76,96.73,12,80.21,180000,HEALTHY,0
2026-09-30T00:05:00,PWR_SUB_A,68.7,100,0.687,226.58,0.0149,50.24,52.95,0.1591,0.1667,51.44,89.79,12,86.85,180000,HEALTHY,0
2026-09-30T00:10:00,PWR_SUB_A,68.28,100,0.6828,230.26,0.0011,50.02,56.52,0.4386,0.1229,47.94,90.93,12,89.05,180000,HEALTHY,0
2026-09-30T00:15:00,PWR_SUB_A,72.19,100,0.7219,227.73,0.0099,49.9,54.44,0.1648,0.1372,45.17,94.0,12,84.44,180000,HEALTHY,0
2026-09-30T00:20:00,PWR_SUB_A,74.69,100,0.7469,229.94,0.0002,49.76,56.75,0.5006,0.1523,50.86,97.34,12,88.96,180000,HEALTHY,0
2026-09-30T00:25:00,PWR_SUB_A,67.05,100,0.6705,226.74,0.0142,49.93,53.29,0.1389,0.1447,52.48,94.5,12,82.79,180000,HEALTHY,0
2026-09-30T00:30:00,PWR_SUB_A,70.91,100,0.7091,226.07,0.0171,49.87,53.32,0.1727,0.1487,49.88,95.12,12,80.44,180000,HEALTHY,0
2026-09-30T00:35:00,PWR_SUB_A,69.01,100,0.6901,225.91,0.0178,49.92,54.67,0.2835,0.1214,45.94,94.6,12,88.6,180000,HEALTHY,0
2026-09-30T00:40:00,PWR_SUB_A,65.8,100,0.658,226.18,0.0166,49.82,55.44,0.3454,0.1482,43.36,95.64,12,80.24,180000,HEALTHY,0
2026-09-30T00:45:00,PWR_SUB_A,68.66,100,0.6866,225.08,0.0214,49.92,54.63,0.2616,0.13,47.71,93.06,12,80.66,180000,HEALTHY,0
2026-09-30T00:50:00,PWR_SUB_A,68.28,100,0.6828,229.01,0.0043,49.79,56.96,0.5484,0.1585,41.15,87.77,12,86.21,180000,HEALTHY,0
2026-09-30T00:55:00,PWR_SUB_A,72.56,100,0.7256,226.99,0.0131,50.25,53.29,0.1381,0.1457,48.94,96.0,12,88.48,180000,HEALTHY,0
2026-09-30T01:00:00,PWR_SUB_A,73.37,100,0.7337,229.27,0.0032,50.0,54.79,0.3332,0.1365,44.68,90.08,12,83.35,180000,HEALTHY,0
2026-09-30T01:05:00,PWR_SUB_A,67.17,100,0.6717,226.6,0.0148,50.22,53.67,0.1361,0.1593,46.21,87.0,12,84.55,180000,HEALTHY,0
2026-09-30T01:10:00,PWR_SUB_A,70.1,100,0.701,228.24,0.0076,49.83,52.18,0.0053,0.1307,54.42,93.14,12,82.92,180000,HEALTHY,0
2026-09-30T01:15:00,PWR_SUB_A,72.59,100,0.7259,226.72,0.0143,50.27,52.75,0.1624,0.1681,51.86,89.67,12,81.17,180000,HEALTHY,0
2026-09-30T01:20:00,PWR_SUB_A,70.31,100,0.7031,227.53,0.0107,50.0,54.79,0.2332,0.147,40.04,89.55,12,83.56,180000,HEALTHY,0
2026-09-30T01:25:00,PWR_SUB_A,66.7,100,0.667,226.73,0.0142,50.04,54.29,0.2994,0.1648,42.56,90.21,12,81.71,180000,HEALTHY,0
2026-09-30T01:30:00,PWR_SUB_A,71.54,100,0.7154,228.17,0.008,49.88,55.8,0.3944,0.1412,52.71,92.95,12,83.01,180000,HEALTHY,0
2026-09-30T01:35:00,PWR_SUB_A,66.49,100,0.6649,230.53,0.0023,50.08,54.72,0.3597,0.1483,46.98,87.86,12,88.87,180000,HEALTHY,0
2026-09-30T01:40:00,PWR_SUB_A,66.36,100,0.6636,227.55,0.0106,49.8,56.52,0.5478,0.1375,49.37,94.28,12,85.74,180000,HEALTHY,0
2026-09-30T01:45:00,PWR_SUB_A,69.2,100,0.692,230.19,0.0008,50.11,56.58,0.5363,0.1332,49.86,92.71,12,83.85,180000,HEALTHY,0
2026-09-30T01:50:00,PWR_SUB_A,66.72,100,0.6672,228.91,0.0047,50.03,52.06,-0.0814,0.1645,45.77,88.31,12,86.44,180000,HEALTHY,0
2026-09-30T01:55:00,PWR_SUB_A,65.39,100,0.6539,228.15,0.0081,49.95,56.31,0.3624,0.1448,46.34,91.24,12,89.38,180000,HEALTHY,0
2026-09-30T02:00:00,PWR_SUB_A,65.46,100,0.6546,228.25,0.0076,50.21,55.88,0.3569,0.1543,52.66,88.75,12,82.43,180000,HEALTHY,0
2026-09-30T02:05:00,PWR_SUB_A,70.98,100,0.7098,225.11,0.0213,49.91,52.72,0.1498,0.1426,51.82,85.21,12,82.33,180000,HEALTHY,0
2026-09-30T02:10:00,PWR_SUB_A,72.26,100,0.7226,225.03,0.0216,49.85,53.88,0.1334,0.1598,40.94,84.44,12,87.85,180000,HEALTHY,0
2026-09-30T02:15:00,PWR_SUB_A,72.08,100,0.7208,228.16,0.008,49.87,56.84,0.5143,0.1224,53.11,84.94,12,88.76,180000,HEALTHY,0
2026-09-30T02:20:00,PWR_SUB_A,74.67,100,0.7467,225.77,0.0184,50.15,54.1,0.2207,0.1466,52.3,89.8,12,85.76,180000,HEALTHY,0
2026-09-30T02:25:00,PWR_SUB_A,72.95,100,0.7295,230.86,0.0037,50.18,56.49,0.451,0.1298,41.73,89.72,12,81.99,180000,HEALTHY,0
2026-09-30T02:30:00,PWR_SUB_A,68.64,100,0.6864,227.7,0.01,50.17,53.92,0.2358,0.1517,44.08,88.99,12,84.74,180000,HEALTHY,0
2026-09-30T02:35:00,PWR_SUB_A,71.22,100,0.7122,228.83,0.0051,49.89,55.44,0.4093,0.1679,47.87,82.26,12,87.81,180000,HEALTHY,0
2026-09-30T02:40:00,PWR_SUB_A,70.18,100,0.7018,230.48,0.0021,49.84,55.94,0.4841,0.1289,40.1,87.78,12,80.69,180000,HEALTHY,0
2026-09-30T02:45:00,PWR_SUB_A,68.78,100,0.6878,228.51,0.0065,50.24,52.67,0.029,0.1206,50.24,90.17,12,87.61,180000,HEALTHY,0
2026-09-30T02:50:00,PWR_SUB_A,68.2,100,0.682,227.05,0.0128,49.78,54.34,0.2486,0.1296,45.71,81.96,12,87.45,180000,HEALTHY,0
2026-09-30T02:55:00,PWR_SUB_A,71.88,100,0.7188,227.9,0.0091,50.29,55.93,0.3118,0.131,44.93,91.06,12,80.33,180000,HEALTHY,0
2026-09-30T03:00:00,PWR_SUB_A,71.98,100,0.7198,230.16,0.0007,49.7,56.63,0.4896,0.1232,45.61,85.7,12,86.1,180000,HEALTHY,0
2026-09-30T03:05:00,PWR_SUB_A,74.29,100,0.7429,225.91,0.0178,49.76,54.88,0.3296,0.1377,51.85,88.79,12,85.4,180000,HEALTHY,0
2026-09-30T03:10:00,PWR_SUB_A,69.28,100,0.6928,228.41,0.0069,50.22,55.12,0.3619,0.1663,54.88,90.35,12,80.92,180000,HEALTHY,0
2026-09-30T03:15:00,PWR_SUB_A,74.81,100,0.7481,228.31,0.0074,49.95,55.26,0.4008,0.1666,42.44,84.22,12,88.42,180000,HEALTHY,0
2026-09-30T03:20:00,PWR_SUB_A,65.54,100,0.6554,226.45,0.0154,49.75,52.56,0.0506,0.1297,41.42,82.79,12,85.93,180000,HEALTHY,0
2026-09-30T03:25:00,PWR_SUB_A,69.38,100,0.6938,228.81,0.0052,50.05,56.06,0.3478,0.1261,46.45,88.55,12,87.71,180000,HEALTHY,0
2026-09-30T03:30:00,PWR_SUB_A,69.72,100,0.6972,229.52,0.0021,50.12,52.54,0.1269,0.1684,51.99,82.78,12,86.25,180000,HEALTHY,0
2026-09-30T03:35:00,PWR_SUB_A,71.74,100,0.7174,227.06,0.0128,50.2,56.48,0.4338,0.1603,44.86,84.27,12,82.11,180000,HEALTHY,0
2026-09-30T03:40:00,PWR_SUB_A,67.03,100,0.6703,228.04,0.0085,50.27,53.38,0.0739,0.1417,50.66,86.69,12,89.09,180000,HEALTHY,0
2026-09-30T03:45:00,PWR_SUB_A,70.33,100,0.7033,228.24,0.0077,49.89,56.9,0.5703,0.1306,41.54,86.5,12,83.46,180000,HEALTHY,0
2026-09-30T03:50:00,PWR_SUB_A,71.32,100,0.7132,226.03,0.0173,49.73,53.4,0.0487,0.1407,45.3,82.15,12,81.12,180000,HEALTHY,0
2026-09-30T03:55:00,PWR_SUB_A,70.42,100,0.7042,228.21,0.0078,49.82,52.6,0.155,0.1502,44.95,79.93,12,84.4,180000,HEALTHY,0
2026-09-30T04:00:00,PWR_SUB_A,73.19,100,0.7319,226.8,0.0139,49.74,52.33,0.0163,0.1615,49.6,80.22,12,81.98,180000,HEALTHY,0
2026-09-30T04:05:00,PWR_SUB_A,67.39,100,0.6739,226.35,0.0159,49.79,56.22,0.461,0.1344,51.14,80.05,12,80.09,180000,HEALTHY,0
2026-09-30T04:10:00,PWR_SUB_A,65.55,100,0.6555,227.62,0.0104,49.99,56.24,0.3253,0.1606,43.99,79.48,12,86.47,180000,HEALTHY,0
2026-09-30T04:15:00,PWR_SUB_A,68.18,100,0.6818,230.16,0.0007,50.15,53.35,0.1559,0.1238,52.79,79.13,12,84.05,180000,HEALTHY,0
2026-09-30T04:20:00,PWR_SUB_A,65.25,100,0.6525,228.46,0.0067,49.92,56.02,0.3986,0.1441,49.92,85.65,12,87.71,180000,HEALTHY,0
2026-09-30T04:25:00,PWR_SUB_A,74.12,100,0.7412,226.15,0.0168,50.04,53.49,0.1731,0.1494,53.87,77.5,12,83.85,180000,HEALTHY,0
2026-09-30T04:30:00,PWR_SUB_A,69.33,100,0.6933,226.68,0.0145,49.76,55.0,0.2129,0.1509,42.69,79.64,12,84.54,180000,HEALTHY,0
2026-09-30T04:35:00,PWR_SUB_A,68.48,100,0.6848,226.03,0.0173,49.83,56.4,0.4175,0.1573,41.38,80.65,12,88.16,180000,HEALTHY,0
2026-09-30T04:40:00,PWR_SUB_A,70.4,100,0.704,230.36,0.0016,49.94,56.91,0.4662,0.1673,48.55,77.06,12,81.78,180000,HEALTHY,0
2026-09-30T04:45:00,PWR_SUB_A,73.97,100,0.7397,229.72,0.0012,50.11,52.69,0.0574,0.1235,44.56,83.8,12,88.52,180000,HEALTHY,0
2026-09-30T04:50:00,PWR_SUB_A,68.53,100,0.6853,229.94,0.0003,49.81,55.6,0.3415,0.1341,52.56,79.45,12,85.44,180000,HEALTHY,0
2026-09-30T04:55:00,PWR_SUB_A,70.57,100,0.7057,226.97,0.0132,50.23,53.48,0.2186,0.1458,51.67,84.55,12,88.97,180000,HEALTHY,0
2026-09-30T05:00:00,PWR_SUB_A,69.5,100,0.695,228.91,0.0047,50.17,52.32,-0.0058,0.1207,41.66,81.9,12,85.49,180000,HEALTHY,0
2026-09-30T05:05:00,PWR_SUB_A,73.93,100,0.7393,227.03,0.0129,50.14,54.15,0.1418,0.1478,44.86,82.12,12,82.86,180000,HEALTHY,0
2026-09-30T05:10:00,PWR_SUB_A,74.48,100,0.7448,229.33,0.0029,50.21,56.55,0.4889,0.1675,54.83,84.42,12,81.76,180000,HEALTHY,0
2026-09-30T05:15:00,PWR_SUB_A,66.92,100,0.6692,230.27,0.0012,50.06,56.58,0.4392,0.1698,54.38,75.97,12,84.29,180000,HEALTHY,0
2026-09-30T05:20:00,PWR_SUB_A,68.79,100,0.6879,227.03,0.0129,49.78,56.82,0.4218,0.1655,41.26,78.44,12,87.89,180000,HEALTHY,0
2026-09-30T05:25:00,PWR_SUB_A,65.16,100,0.6516,228.64,0.0059,50.05,53.64,0.2298,0.1544,53.14,79.33,12,88.92,180000,HEALTHY,0
2026-09-30T05:30:00,PWR_SUB_A,67.67,100,0.6767,229.89,0.0005,49.85,56.88,0.446,0.1483,51.01,80.8,12,83.17,180000,HEALTHY,0
2026-09-30T05:35:00,PWR_SUB_A,71.91,100,0.7191,227.97,0.0088,49.7,53.54,0.0817,0.1479,51.74,74.61,12,83.37,180000,HEALTHY,0
2026-09-30T05:40:00,PWR_SUB_A,66.14,100,0.6614,228.15,0.008,50.06,52.53,-0.0185,0.1672,44.85,78.58,12,83.38,180000,HEALTHY,0
2026-09-30T05:45:00,PWR_SUB_A,73.85,100,0.7385,226.89,0.0135,49.96,53.06,0.0513,0.1582,51.35,74.87,12,88.44,180000,HEALTHY,0
2026-09-30T05:50:00,PWR_SUB_A,68.91,100,0.6891,225.39,0.0201,50.03,52.91,0.03,0.1599,46.34,74.89,12,86.36,180000,HEALTHY,0
2026-09-30T05:55:00,PWR_SUB_A,72.82,100,0.7282,230.06,0.0003,50.23,55.48,0.4265,0.1218,41.0,75.47,12,84.94,180000,HEALTHY,0
2026-09-30T06:00:00,PWR_SUB_A,71.57,100,0.7157,224.36,0.0245,50.09,54.74,0.2599,0.1983,41.91,80.29,12,81.7,180000,STRESSED,0
2026-09-30T06:05:00,PWR_SUB_A,71.35,100,0.7135,223.16,0.0297,49.97,57.74,0.5034,0.2382,41.83,76.04,12,84.58,180000,STRESSED,0
2026-09-30T06:10:00,PWR_SUB_A,71.67,100,0.7167,225.14,0.0211,50.06,57.49,0.5112,0.1725,46.12,76.17,12,81.23,180000,STRESSED,0
2026-09-30T06:15:00,PWR_SUB_A,73.32,100,0.7332,227.22,0.0121,50.2,59.51,0.7797,0.3294,47.47,71.84,12,89.42,180000,STRESSED,0
2026-09-30T06:20:00,PWR_SUB_A,76.69,100,0.7669,222.07,0.0345,50.09,57.71,0.6404,0.3463,48.72,76.42,12,87.0,180000,STRESSED,0
2026-09-30T06:25:00,PWR_SUB_A,79.03,100,0.7903,223.19,0.0296,50.18,63.43,1.0964,0.3239,46.02,78.5,12,88.15,180000,STRESSED,0
2026-09-30T06:30:00,PWR_SUB_A,79.53,100,0.7953,221.55,0.0367,49.79,64.12,1.2494,0.4175,46.03,70.88,12,87.42,180000,STRESSED,0
2026-09-30T06:35:00,PWR_SUB_A,80.29,100,0.8029,223.54,0.0281,49.79,64.21,1.2263,0.407,45.64,75.1,12,87.72,180000,STRESSED,0
2026-09-30T06:40:00,PWR_SUB_A,82.62,100,0.8262,216.73,0.0577,50.03,64.4,1.1938,0.4531,48.18,77.66,12,89.85,180000,STRESSED,0
2026-09-30T06:45:00,PWR_SUB_A,83.76,100,0.8376,217.26,0.0554,49.86,63.35,1.1232,0.4942,51.02,71.41,12,89.95,180000,STRESSED,0
2026-09-30T06:50:00,PWR_SUB_A,82.08,100,0.8208,215.72,0.0621,49.79,62.96,1.0845,0.4567,42.99,71.26,12,80.42,180000,STRESSED,0
2026-09-30T06:55:00,PWR_SUB_A,83.25,100,0.8325,217.69,0.0535,49.81,67.58,1.5257,0.5102,41.77,73.14,12,89.01,180000,STRESSED,0
2026-09-30T07:00:00,PWR_SUB_A,86.72,100,0.8672,215.05,0.065,50.2,69.89,1.7088,0.4837,43.16,70.8,12,88.47,180000,STRESSED,0
2026-09-30T07:05:00,PWR_SUB_A,83.98,100,0.8398,215.2,0.0644,50.03,68.88,1.6019,0.5674,47.88,73.05,12,81.77,180000,STRESSED,0
2026-09-30T07:10:00,PWR_SUB_A,87.79,100,0.8779,217.96,0.0523,50.0,68.03,1.6801,0.6196,51.83,72.74,12,85.5,180000,STRESSED,0
2026-09-30T07:15:00,PWR_SUB_A,83.97,100,0.8397,215.39,0.0635,50.28,72.59,2.1544,0.5186,48.29,75.71,12,89.82,180000,STRESSED,0
2026-09-30T07:20:00,PWR_SUB_A,85.74,100,0.8574,214.94,0.0655,50.14,68.68,1.7232,0.6271,45.04,74.6,12,81.13,180000,STRESSED,0
2026-09-30T07:25:00,PWR_SUB_A,86.06,100,0.8606,210.12,0.0864,49.84,73.67,2.1566,0.6832,44.4,77.08,12,83.48,180000,STRESSED,0
2026-09-30T07:30:00,PWR_SUB_A,87.74,100,0.8774,213.64,0.0711,49.73,72.95,2.1598,0.5728,44.4,68.38,12,81.55,180000,STRESSED,0
2026-09-30T07:35:00,PWR_SUB_A,92.64,100,0.9264,209.26,0.0902,50.21,72.46,1.9732,0.62,46.63,71.31,12,89.3,180000,STRESSED,0
2026-09-30T07:40:00,PWR_SUB_A,94.28,100,0.9428,209.64,0.0885,49.78,71.79,1.9624,0.7343,46.89,75.95,12,88.96,180000,STRESSED,0
2026-09-30T07:45:00,PWR_SUB_A,90.99,100,0.9099,207.55,0.0976,49.77,78.07,2.5213,0.774,49.25,71.53,12,89.62,180000,STRESSED,0
2026-09-30T07:50:00,PWR_SUB_A,96.77,100,0.9677,209.91,0.0874,49.93,74.93,2.2212,0.7255,41.79,67.59,12,86.86,180000,STRESSED,0
2026-09-30T07:55:00,PWR_SUB_A,98.26,100,0.9826,210.76,0.0836,49.95,76.08,2.4695,0.7837,54.61,72.98,12,88.03,180000,STRESSED,0
2026-09-30T08:00:00,PWR_SUB_A,96.07,100,0.9607,204.89,0.1092,49.94,78.16,2.6794,0.7514,53.72,72.3,12,82.99,180000,FAILED,0
2026-09-30T08:05:00,PWR_SUB_A,99.74,100,0.9974,204.63,0.1103,49.92,80.34,2.8812,0.8354,48.64,72.93,12,87.97,180000,FAILED,0
2026-09-30T08:10:00,PWR_SUB_A,101.18,100,1.0118,207.53,0.0977,49.74,79.82,2.7477,0.8438,49.68,66.68,12,87.18,180000,FAILED,0
2026-09-30T08:15:00,PWR_SUB_A,98.92,100,0.9892,206.54,0.102,50.23,80.63,2.7919,0.8699,50.8,68.55,12,85.31,180000,FAILED,0
2026-09-30T08:20:00,PWR_SUB_A,103.86,100,1.0386,206.44,0.1024,50.18,83.48,3.1207,0.8652,47.82,69.3,12,83.18,180000,FAILED,0
2026-09-30T08:25:00,PWR_SUB_A,98.81,100,0.9881,202.1,0.1213,50.3,84.69,3.3604,0.9761,46.77,70.25,12,82.87,180000,FAILED,1
2026-09-30T08:30:00,PWR_SUB_A,103.12,100,1.0312,203.46,0.1154,49.82,83.69,3.2642,0.976,44.91,66.49,12,85.07,180000,FAILED,1
2026-09-30T08:35:00,PWR_SUB_A,104.47,100,1.0447,204.03,0.1129,50.11,83.8,3.2068,0.945,44.67,66.77,12,83.76,180000,FAILED,1
2026-09-30T08:40:00,PWR_SUB_A,104.64,100,1.0464,198.71,0.136,49.79,83.4,3.1195,0.9501,40.96,71.81,12,86.22,180000,FAILED,1
2026-09-30T08:45:00,PWR_SUB_A,106.48,100,1.0648,200.08,0.1301,49.8,89.22,3.8214,1.0563,42.66,71.21,12,88.61,180000,FAILED,1
2026-09-30T08:50:00,PWR_SUB_A,106.48,100,1.0648,199.04,0.1346,50.26,90.48,3.9316,1.054,54.05,64.05,12,89.87,180000,FAILED,1
2026-09-30T08:55:00,PWR_SUB_A,107.96,100,1.0796,196.13,0.1473,49.92,86.74,3.4667,1.0305,50.03,70.02,12,83.33,180000,FAILED,1
2026-09-30T09:00:00,PWR_SUB_A,107.99,100,1.0799,199.56,0.1324,50.28,92.24,4.0855,1.1074,54.15,64.57,12,80.56,180000,FAILED,1
2026-09-30T09:05:00,PWR_SUB_A,108.87,100,1.0887,198.22,0.1382,49.85,91.52,3.8599,1.066,50.1,66.98,12,88.58,180000,FAILED,1
2026-09-30T09:10:00,PWR_SUB_A,108.66,100,1.0866,193.56,0.1584,50.09,92.87,4.1436,1.1516,44.6,69.71,12,85.35,180000,FAILED,1
2026-09-30T09:15:00,PWR_SUB_A,115.26,100,1.1526,193.91,0.1569,50.07,91.17,3.8519,1.2175,49.35,67.51,12,88.29,180000,FAILED,1
2026-09-30T09:20:00,PWR_SUB_A,115.81,100,1.1581,195.75,0.1489,50.06,91.55,3.8668,1.2284,46.58,62.05,12,85.61,180000,FAILED,1
2026-09-30T09:25:00,PWR_SUB_A,113.52,100,1.1352,193.75,0.1576,49.91,92.79,4.1607,1.1997,49.02,71.06,12,82.41,180000,FAILED,1
2026-09-30T09:30:00,PWR_SUB_A,115.91,100,1.1591,194.98,0.1523,50.04,97.14,4.5262,1.2743,52.45,62.86,12,81.45,180000,FAILED,1
2026-09-30T09:35:00,PWR_SUB_A,114.09,100,1.1409,192.76,0.1619,50.27,97.29,4.527,1.2049,45.92,69.56,12,88.8,180000,FAILED,1
2026-09-30T09:40:00,PWR_SUB_A,120.7,100,1.207,188.32,0.1812,49.77,94.77,4.3301,1.2534,49.08,70.7,12,89.19,180000,FAILED,1
2026-09-30T09:45:00,PWR_SUB_A,116.35,100,1.1635,190.93,0.1699,50.18,100.21,4.8715,1.2794,52.84,69.66,12,81.84,180000,FAILED,1
2026-09-30T09:50:00,PWR_SUB_A,116.28,100,1.1628,186.75,0.188,50.25,98.54,4.6304,1.2909,49.85,65.82,12,81.34,180000,FAILED,1
2026-09-30T09:55:00,PWR_SUB_A,120.96,100,1.2096,184.91,0.196,49.78,98.44,4.6445,1.3097,52.75,69.87,12,89.66,180000,FAILED,1
