timestamp,node_id,flow_rate_lps,capacity_lps,load_ratio,pressure_bar,pressure_deviation,chlorine_ppm,turbidity_ntu,ph_level,pump_temperature,pump_vibration,power_supply_kw,reservoir_level_pct,pipeline_age_years,population_served,health_status,failure_label
2026-09-30T00:00:00,WTR_PLANT_A,65.47,100,0.6547,4.4,0.0233,1.189,0.761,7.15,40.67,0.1652,42.35,85.75,18,200000,HEALTHY,0
2026-09-30T00:05:00,WTR_PLANT_A,70.53,100,0.7053,4.66,0.0363,1.16,0.987,7.19,42.03,0.1293,44.69,86.45,18,200000,HEALTHY,0
2026-09-30T00:10:00,WTR_PLANT_A,64.34,100,0.6434,4.42,0.0172,1.201,1.16,7.19,46.05,0.1752,45.41,80.55,18,200000,HEALTHY,0
2026-09-30T00:15:00,WTR_PLANT_A,68.88,100,0.6888,4.53,0.0074,1.24,0.951,7.31,46.39,0.1274,46.42,80.22,18,200000,HEALTHY,0
2026-09-30T00:20:00,WTR_PLANT_A,65.0,100,0.65,4.28,0.0485,1.155,1.074,7.24,47.98,0.2422,43.74,82.92,18,200000,HEALTHY,0
2026-09-30T00:25:00,WTR_PLANT_A,68.29,100,0.6829,4.5,0.0008,1.156,0.72,7.16,48.15,0.1684,46.06,84.26,18,200000,HEALTHY,0
2026-09-30T00:30:00,WTR_PLANT_A,69.12,100,0.6912,4.52,0.0055,1.162,1.065,7.16,42.54,0.2553,43.6,77.29,18,200000,HEALTHY,0
2026-09-30T00:35:00,WTR_PLANT_A,62.26,100,0.6226,4.23,0.0604,1.141,0.82,7.2,46.21,0.1652,47.33,82.13,18,200000,HEALTHY,0
2026-09-30T00:40:00,WTR_PLANT_A,63.79,100,0.6379,4.33,0.0379,1.174,1.417,7.2,49.28,0.2725,49.5,82.77,18,200000,HEALTHY,0
2026-09-30T00:45:00,WTR_PLANT_A,67.62,100,0.6762,4.39,0.0245,1.151,1.308,7.18,43.23,0.2687,43.71,77.16,18,200000,HEALTHY,0
2026-09-30T00:50:00,WTR_PLANT_A,68.7,100,0.687,4.25,0.0548,1.126,1.122,7.31,44.32,0.2044,48.67,75.79,18,200000,HEALTHY,0
2026-09-30T00:55:00,WTR_PLANT_A,63.55,100,0.6355,4.38,0.0261,1.152,1.38,7.19,49.83,0.3015,44.69,79.87,18,200000,HEALTHY,0
2026-09-30T01:00:00,WTR_PLANT_A,64.43,100,0.6443,4.19,0.0696,1.198,1.194,7.31,47.98,0.2089,49.37,75.08,18,200000,HEALTHY,0
2026-09-30T01:05:00,WTR_PLANT_A,66.53,100,0.6653,4.33,0.0374,1.192,1.694,7.22,48.61,0.2929,50.52,75.31,18,200000,HEALTHY,0
2026-09-30T01:10:00,WTR_PLANT_A,62.83,100,0.6283,4.04,0.1031,1.125,1.73,7.22,46.17,0.3614,49.63,73.89,18,200000,HEALTHY,0
2026-09-30T01:15:00,WTR_PLANT_A,59.64,100,0.5964,4.27,0.0511,1.172,1.504,7.26,46.95,0.2646,51.8,76.96,18,200000,HEALTHY,0
2026-09-30T01:20:00,WTR_PLANT_A,65.53,100,0.6553,4.08,0.0926,1.167,1.746,7.33,47.44,0.3018,52.18,74.76,18,200000,HEALTHY,0
2026-09-30T01:25:00,WTR_PLANT_A,58.78,100,0.5878,4.11,0.0865,1.153,1.758,7.23,51.68,0.3509,49.53,77.69,18,200000,HEALTHY,0
2026-09-30T01:30:00,WTR_PLANT_A,60.55,100,0.6055,4.14,0.0805,1.146,1.404,7.4,45.64,0.399,47.72,75.49,18,200000,HEALTHY,0
2026-09-30T01:35:00,WTR_PLANT_A,59.73,100,0.5973,3.83,0.1488,1.093,1.293,7.36,49.33,0.3039,45.5,72.95,18,200000,HEALTHY,0
2026-09-30T01:40:00,WTR_PLANT_A,61.13,100,0.6113,3.91,0.1319,1.134,1.263,7.3,50.0,0.3854,51.67,71.71,18,200000,HEALTHY,0
2026-09-30T01:45:00,WTR_PLANT_A,62.03,100,0.6203,3.98,0.1155,1.164,1.99,7.4,47.06,0.3379,45.54,69.45,18,200000,HEALTHY,0
2026-09-30T01:50:00,WTR_PLANT_A,61.32,100,0.6132,4.12,0.0837,1.163,1.57,7.26,47.26,0.4448,46.28,69.91,18,200000,HEALTHY,0
2026-09-30T01:55:00,WTR_PLANT_A,55.69,100,0.5569,4.12,0.0838,1.131,1.659,7.37,48.7,0.442,49.16,73.35,18,200000,HEALTHY,0
2026-09-30T02:00:00,WTR_PLANT_A,62.38,100,0.6238,3.95,0.1212,1.159,1.831,7.36,51.07,0.3663,52.4,70.44,18,200000,HEALTHY,0
2026-09-30T02:05:00,WTR_PLANT_A,59.22,100,0.5922,3.93,0.1271,1.145,1.374,7.36,50.92,0.4686,52.34,67.83,18,200000,HEALTHY,0
2026-09-30T02:10:00,WTR_PLANT_A,56.77,100,0.5677,3.87,0.139,1.081,2.014,7.39,48.26,0.3524,50.03,66.28,18,200000,HEALTHY,0
2026-09-30T02:15:00,WTR_PLANT_A,59.81,100,0.5981,3.71,0.1757,1.149,1.464,7.33,52.86,0.4236,53.3,71.27,18,200000,HEALTHY,0
2026-09-30T02:20:00,WTR_PLANT_A,60.01,100,0.6001,3.61,0.197,1.155,1.446,7.47,49.97,0.4136,50.95,69.17,18,200000,HEALTHY,0
2026-09-30T02:25:00,WTR_PLANT_A,54.41,100,0.5441,3.82,0.1516,1.055,1.581,7.37,50.97,0.509,54.58,64.76,18,200000,HEALTHY,0
2026-09-30T02:30:00,WTR_PLANT_A,56.26,100,0.5626,3.91,0.132,1.102,1.562,7.33,51.26,0.4342,47.33,67.28,18,200000,HEALTHY,0
2026-09-30T02:35:00,WTR_PLANT_A,53.55,100,0.5355,3.72,0.174,1.086,1.926,7.4,53.47,0.487,52.53,70.54,18,200000,HEALTHY,0
2026-09-30T02:40:00,WTR_PLANT_A,58.54,100,0.5854,3.51,0.22,1.097,1.903,7.38,52.66,0.4608,51.23,63.89,18,200000,HEALTHY,0
2026-09-30T02:45:00,WTR_PLANT_A,52.78,100,0.5278,3.8,0.1558,1.095,1.898,7.35,51.16,0.4966,50.69,70.37,18,200000,HEALTHY,0
2026-09-30T02:50:00,WTR_PLANT_A,52.27,100,0.5227,3.62,0.1961,1.113,1.657,7.52,53.51,0.447,49.75,68.3,18,200000,HEALTHY,0
2026-09-30T02:55:00,WTR_PLANT_A,50.84,100,0.5084,3.63,0.1926,1.054,2.073,7.53,56.35,0.5446,55.16,69.24,18,200000,HEALTHY,0
2026-09-30T03:00:00,WTR_PLANT_A,57.42,100,0.5742,3.4,0.2444,1.037,2.284,7.52,53.16,0.5818,51.22,63.36,18,200000,HEALTHY,0
2026-09-30T03:05:00,WTR_PLANT_A,54.12,100,0.5412,3.63,0.1922,1.107,2.163,7.52,55.83,0.541,54.0,62.06,18,200000,HEALTHY,0
2026-09-30T03:10:00,WTR_PLANT_A,51.72,100,0.5172,3.42,0.2396,1.037,2.013,7.44,56.06,0.4772,55.85,61.76,18,200000,HEALTHY,0
2026-09-30T03:15:00,WTR_PLANT_A,54.53,100,0.5453,3.61,0.1973,1.086,2.559,7.4,55.39,0.4952,54.36,60.58,18,200000,HEALTHY,0
2026-09-30T03:20:00,WTR_PLANT_A,50.7,100,0.507,3.41,0.2421,1.112,2.44,7.4,55.8,0.6228,54.02,61.96,18,200000,HEALTHY,0
2026-09-30T03:25:00,WTR_PLANT_A,48.35,100,0.4835,3.53,0.2146,1.022,2.268,7.44,58.18,0.5447,54.25,65.19,18,200000,HEALTHY,0
2026-09-30T03:30:00,WTR_PLANT_A,52.62,100,0.5262,3.39,0.2456,1.081,2.072,7.5,57.92,0.5423,56.09,63.31,18,200000,STRESSED,0
2026-09-30T03:35:00,WTR_PLANT_A,49.26,100,0.4926,3.55,0.2121,1.058,2.671,7.46,53.42,0.5765,54.93,58.08,18,200000,STRESSED,0
2026-09-30T03:40:00,WTR_PLANT_A,51.42,100,0.5142,3.29,0.269,1.004,2.189,7.5,59.27,0.5446,53.83,60.2,18,200000,STRESSED,0
2026-09-30T03:45:00,WTR_PLANT_A,53.6,100,0.536,3.3,0.2673,1.066,2.018,7.47,57.24,0.5591,49.76,63.2,18,200000,STRESSED,0
2026-09-30T03:50:00,WTR_PLANT_A,50.68,100,0.5068,3.39,0.2474,1.03,2.573,7.59,60.41,0.6207,54.71,63.05,18,200000,STRESSED,0
2026-09-30T03:55:00,WTR_PLANT_A,49.09,100,0.4909,3.33,0.2603,1.057,2.328,7.52,56.62,0.5955,54.1,58.37,18,200000,STRESSED,0
2026-09-30T04:00:00,WTR_PLANT_A,45.95,100,0.4595,3.28,0.2719,1.028,2.325,7.43,60.15,0.6488,53.74,57.65,18,200000,STRESSED,0
2026-09-30T04:05:00,WTR_PLANT_A,45.87,100,0.4587,3.47,0.2287,1.059,2.744,7.46,58.95,0.6015,57.07,55.89,18,200000,STRESSED,0
2026-09-30T04:10:00,WTR_PLANT_A,48.23,100,0.4823,3.4,0.2438,1.08,2.372,7.51,59.64,0.7162,55.46,58.71,18,200000,STRESSED,0
2026-09-30T04:15:00,WTR_PLANT_A,45.83,100,0.4583,3.13,0.3038,0.999,2.803,7.61,58.12,0.5937,51.25,55.29,18,200000,STRESSED,0
2026-09-30T04:20:00,WTR_PLANT_A,49.23,100,0.4923,3.09,0.3143,0.98,3.018,7.6,58.21,0.7023,54.59,60.08,18,200000,STRESSED,0
2026-09-30T04:25:00,WTR_PLANT_A,49.31,100,0.4931,3.15,0.2993,0.991,2.415,7.65,58.81,0.7273,50.96,59.41,18,200000,STRESSED,0
2026-09-30T04:30:00,WTR_PLANT_A,49.14,100,0.4914,3.24,0.2809,0.982,2.571,7.54,59.12,0.7534,53.39,57.8,18,200000,STRESSED,0
2026-09-30T04:35:00,WTR_PLANT_A,44.2,100,0.442,3.3,0.2668,1.045,2.575,7.62,62.54,0.6698,58.23,55.49,18,200000,STRESSED,0
2026-09-30T04:40:00,WTR_PLANT_A,48.55,100,0.4855,2.97,0.3391,0.965,2.971,7.58,56.75,0.6855,58.41,54.59,18,200000,STRESSED,0
2026-09-30T04:45:00,WTR_PLANT_A,45.39,100,0.4539,2.99,0.3349,0.971,2.509,7.5,57.71,0.7522,59.43,55.98,18,200000,STRESSED,0
2026-09-30T04:50:00,WTR_PLANT_A,41.86,100,0.4186,3.14,0.3031,1.04,2.545,7.65,61.43,0.723,55.46,56.11,18,200000,STRESSED,0
2026-09-30T04:55:00,WTR_PLANT_A,47.39,100,0.4739,3.17,0.2957,1.004,2.859,7.67,57.6,0.7856,53.19,55.0,18,200000,STRESSED,0
2026-09-30T05:00:00,WTR_PLANT_A,41.43,100,0.4143,3.09,0.313,0.993,2.83,7.63,59.3,0.7758,57.1,53.14,18,200000,STRESSED,0
2026-09-30T05:05:00,WTR_PLANT_A,43.98,100,0.4398,2.98,0.3378,1.044,2.608,7.56,62.7,0.7593,58.01,48.73,18,200000,STRESSED,0
2026-09-30T05:10:00,WTR_PLANT_A,39.94,100,0.3994,3.04,0.3253,0.948,3.301,7.58,59.81,0.702,55.35,50.3,18,200000,STRESSED,0
2026-09-30T05:15:00,WTR_PLANT_A,42.77,100,0.4277,2.98,0.3373,1.038,3.346,7.64,60.27,0.7977,53.92,50.08,18,200000,STRESSED,0
2026-09-30T05:20:00,WTR_PLANT_A,39.83,100,0.3983,2.94,0.3467,0.95,2.94,7.64,65.43,0.7928,60.05,47.02,18,200000,STRESSED,0
2026-09-30T05:25:00,WTR_PLANT_A,41.66,100,0.4166,3.02,0.3293,0.999,2.928,7.71,63.41,0.8384,59.61,47.33,18,200000,STRESSED,0
2026-09-30T05:30:00,WTR_PLANT_A,43.1,100,0.431,2.96,0.3415,0.975,2.968,7.65,65.96,0.7733,58.59,50.63,18,200000,STRESSED,0
2026-09-30T05:35:00,WTR_PLANT_A,42.33,100,0.4233,2.89,0.3581,0.995,2.777,7.74,61.69,0.8563,55.32,46.72,18,200000,STRESSED,0
2026-09-30T05:40:00,WTR_PLANT_A,41.58,100,0.4158,2.94,0.346,0.971,3.113,7.7,62.27,0.8165,56.56,48.99,18,200000,STRESSED,0
2026-09-30T05:45:00,WTR_PLANT_A,42.34,100,0.4234,2.7,0.4007,0.965,2.98,7.6,61.97,0.8212,54.25,47.78,18,200000,STRESSED,0
2026-09-30T05:50:00,WTR_PLANT_A,36.89,100,0.3689,2.89,0.3587,0.969,3.238,7.74,62.82,0.8372,57.44,51.04,18,200000,STRESSED,0
2026-09-30T05:55:00,WTR_PLANT_A,42.66,100,0.4266,2.69,0.4019,0.986,3.655,7.59,66.08,0.9104,55.66,47.09,18,200000,STRESSED,0
2026-09-30T06:00:00,WTR_PLANT_A,39.0,100,0.39,2.51,0.4433,0.955,3.305,7.72,62.42,0.8644,58.75,44.28,18,200000,STRESSED,0
2026-09-30T06:05:00,WTR_PLANT_A,35.66,100,0.3566,2.85,0.3671,1.006,3.499,7.72,66.19,0.9564,60.57,48.39,18,200000,STRESSED,0
2026-09-30T06:10:00,WTR_PLANT_A,35.59,100,0.3559,2.59,0.4245,0.933,3.037,7.68,65.53,0.9616,61.77,45.89,18,200000,STRESSED,0
2026-09-30T06:15:00,WTR_PLANT_A,38.28,100,0.3828,2.54,0.4357,0.992,3.446,7.78,64.51,0.9476,60.9,49.49,18,200000,STRESSED,0
2026-09-30T06:20:00,WTR_PLANT_A,34.49,100,0.3449,2.64,0.4139,0.906,3.587,7.71,65.49,0.8755,55.87,46.22,18,200000,STRESSED,0
2026-09-30T06:25:00,WTR_PLANT_A,36.94,100,0.3694,2.52,0.4403,0.982,3.54,7.73,63.47,0.9579,55.07,43.02,18,200000,STRESSED,0
2026-09-30T06:30:00,WTR_PLANT_A,32.62,100,0.3262,2.57,0.4278,0.91,3.11,7.81,65.56,0.8975,59.79,42.22,18,200000,AT_RISK,0
2026-09-30T06:35:00,WTR_PLANT_A,36.25,100,0.3625,2.54,0.4347,0.889,3.502,7.83,67.88,0.991,56.71,43.85,18,200000,AT_RISK,0
2026-09-30T06:40:00,WTR_PLANT_A,32.83,100,0.3283,2.56,0.4313,0.959,3.668,7.67,67.0,0.9391,56.89,40.55,18,200000,AT_RISK,0
2026-09-30T06:45:00,WTR_PLANT_A,37.48,100,0.3748,2.65,0.4108,0.969,3.719,7.7,68.24,0.9797,60.24,40.19,18,200000,AT_RISK,0
2026-09-30T06:50:00,WTR_PLANT_A,36.62,100,0.3662,2.59,0.424,0.931,3.817,7.83,64.09,0.9888,59.38,41.21,18,200000,AT_RISK,0
2026-09-30T06:55:00,WTR_PLANT_A,32.88,100,0.3288,2.39,0.4699,0.942,3.527,7.74,68.2,1.0176,62.84,39.27,18,200000,AT_RISK,0
2026-09-30T07:00:00,WTR_PLANT_A,34.7,100,0.347,2.31,0.4868,0.899,4.013,7.78,66.77,0.9301,61.87,44.48,18,200000,AT_RISK,0
2026-09-30T07:05:00,WTR_PLANT_A,30.71,100,0.3071,2.57,0.4295,0.924,3.836,7.72,71.52,0.9876,56.19,43.15,18,200000,AT_RISK,0
2026-09-30T07:10:00,WTR_PLANT_A,31.19,100,0.3119,2.48,0.4488,0.864,3.367,7.71,69.58,0.9642,57.73,39.08,18,200000,AT_RISK,0
2026-09-30T07:15:00,WTR_PLANT_A,32.98,100,0.3298,2.52,0.4391,0.902,3.443,7.87,67.66,1.0111,57.44,42.35,18,200000,AT_RISK,0
2026-09-30T07:20:00,WTR_PLANT_A,35.62,100,0.3562,2.35,0.477,0.887,3.971,7.74,71.51,1.0128,59.71,36.5,18,200000,AT_RISK,0
2026-09-30T07:25:00,WTR_PLANT_A,34.88,100,0.3488,2.34,0.4794,0.941,4.137,7.86,70.02,1.0606,62.05,39.11,18,200000,AT_RISK,0
2026-09-30T07:30:00,WTR_PLANT_A,28.38,100,0.2838,2.32,0.4835,0.878,3.839,7.88,72.14,1.101,64.73,37.2,18,200000,AT_RISK,0
2026-09-30T07:35:00,WTR_PLANT_A,30.74,100,0.3074,2.33,0.4831,0.94,3.942,7.9,70.14,1.1189,57.99,33.9,18,200000,AT_RISK,0
2026-09-30T07:40:00,WTR_PLANT_A,30.93,100,0.3093,2.01,0.5544,0.845,3.822,7.79,72.65,1.0086,61.45,37.49,18,200000,AT_RISK,0
2026-09-30T07:45:00,WTR_PLANT_A,26.97,100,0.2697,2.3,0.4888,0.879,3.634,7.75,73.13,1.0859,63.89,32.68,18,200000,AT_RISK,0
2026-09-30T07:50:00,WTR_PLANT_A,32.91,100,0.3291,2.19,0.5134,0.908,4.32,7.82,70.49,1.1144,57.93,35.01,18,200000,AT_RISK,0
2026-09-30T07:55:00,WTR_PLANT_A,26.0,100,0.26,2.3,0.4895,0.911,3.852,7.92,68.63,1.0819,61.35,35.2,18,200000,AT_RISK,0
2026-09-30T08:00:00,WTR_PLANT_A,27.52,100,0.2752,2.26,0.4984,0.872,3.911,7.74,72.03,1.128,61.45,36.94,18,200000,AT_RISK,0
2026-09-30T08:05:00,WTR_PLANT_A,30.79,100,0.3079,2.13,0.5275,0.839,4.327,7.91,74.89,1.0954,65.54,35.53,18,200000,AT_RISK,0
2026-09-30T08:10:00,WTR_PLANT_A,30.91,100,0.3091,2.04,0.5457,0.911,3.825,7.91,70.54,1.1778,60.95,35.63,18,200000,AT_RISK,0
2026-09-30T08:15:00,WTR_PLANT_A,26.02,100,0.2602,1.95,0.5657,0.863,4.219,7.95,70.14,1.1324,62.16,30.31,18,200000,AT_RISK,0
2026-09-30T08:20:00,WTR_PLANT_A,23.99,100,0.2399,2.09,0.5358,0.886,4.359,7.96,72.22,1.1164,59.92,32.93,18,200000,AT_RISK,0
2026-09-30T08:25:00,WTR_PLANT_A,27.14,100,0.2714,2.15,0.5223,0.909,3.974,7.96,70.74,1.1294,59.58,28.9,18,200000,AT_RISK,0
2026-09-30T08:30:00,WTR_PLANT_A,28.24,100,0.2824,1.82,0.5952,0.847,4.179,7.91,73.08,1.1623,61.56,28.62,18,200000,FAILED,0
2026-09-30T08:35:00,WTR_PLANT_A,27.8,100,0.278,2.04,0.5459,0.865,4.408,7.93,76.16,1.1581,63.77,35.25,18,200000,FAILED,1
2026-09-30T08:40:00,WTR_PLANT_A,24.9,100,0.249,1.75,0.6103,0.852,4.553,7.85,76.95,1.2409,63.3,33.95,18,200000,FAILED,1
2026-09-30T08:45:00,WTR_PLANT_A,24.92,100,0.2492,1.75,0.6118,0.821,4.391,7.9,77.1,1.1731,60.18,28.26,18,200000,FAILED,1
2026-09-30T08:50:00,WTR_PLANT_A,21.67,100,0.2167,1.66,0.632,0.817,4.459,7.97,75.91,1.1436,64.61,28.31,18,200000,FAILED,1
2026-09-30T08:55:00,WTR_PLANT_A,24.07,100,0.2407,1.7,0.6232,0.874,4.822,7.87,78.17,1.1754,60.06,29.54,18,200000,FAILED,1
2026-09-30T09:00:00,WTR_PLANT_A,25.02,100,0.2502,1.88,0.582,0.825,4.823,7.98,71.52,1.1994,62.0,32.06,18,200000,FAILED,1
2026-09-30T09:05:00,WTR_PLANT_A,21.96,100,0.2196,1.85,0.5896,0.803,4.263,7.88,77.13,1.3084,61.18,30.73,18,200000,FAILED,1
2026-09-30T09:10:00,WTR_PLANT_A,21.68,100,0.2168,1.93,0.5718,0.804,4.427,7.85,77.01,1.3169,63.51,28.74,18,200000,FAILED,1
2026-09-30T09:15:00,WTR_PLANT_A,24.01,100,0.2401,1.59,0.6464,0.831,4.516,7.89,78.94,1.2992,64.67,28.04,18,200000,FAILED,1
2026-09-30T09:20:00,WTR_PLANT_A,23.6,100,0.236,1.76,0.6085,0.831,4.818,7.98,78.22,1.2597,62.49,25.29,18,200000,FAILED,1
2026-09-30T09:25:00,WTR_PLANT_A,19.19,100,0.1919,1.52,0.6619,0.799,4.804,8.02,78.9,1.217,66.65,25.42,18,200000,FAILED,1
2026-09-30T09:30:00,WTR_PLANT_A,20.96,100,0.2096,1.78,0.6036,0.799,4.829,7.95,78.61,1.2319,68.89,24.55,18,200000,FAILED,1
2026-09-30T09:35:00,WTR_PLANT_A,20.43,100,0.2043,1.48,0.6709,0.843,4.527,8.06,78.06,1.3584,66.33,27.09,18,200000,FAILED,1
2026-09-30T09:40:00,WTR_PLANT_A,21.69,100,0.2169,1.72,0.6176,0.805,4.95,7.92,79.13,1.3787,62.96,26.95,18,200000,FAILED,1
2026-09-30T09:45:00,WTR_PLANT_A,22.72,100,0.2272,1.41,0.6875,0.785,4.454,7.93,75.76,1.2909,63.42,27.43,18,200000,FAILED,1
2026-09-30T09:50:00,WTR_PLANT_A,16.52,100,0.1652,1.52,0.6624,0.817,5.0,7.98,78.71,1.2677,64.89,25.01,18,200000,FAILED,1
2026-09-30T09:55:00,WTR_PLANT_A,20.39,100,0.2039,1.35,0.7,0.831,5.075,7.97,75.51,1.288,63.65,24.67,18,200000,FAILED,1
